{"cameraMode":{"drawMode":0,"name":"Shaded","section":"Shading Mode"},"sceneLighting":true,"audioPlay":false,"sceneViewState":{"m_AlwaysRefresh":false,"showFog":true,"showSkybox":false,"showFlares":true,"showImageEffects":true,"showParticleSystems":true,"showVisualEffectGraphs":true,"m_FxEnabled":true},"in2DMode":false,"pivot":{"x":-1.3648121356964112,"y":0.11638474464416504,"z":1.3912248611450196},"rotation":{"x":0.011039298959076405,"y":0.9889428615570068,"z":-0.10153281688690186,"w":0.10752412676811218},"size":3.792894124984741,"orthographic":false}