{"cameraMode":{"drawMode":0,"name":"Shaded","section":"Shading Mode"},"sceneLighting":false,"audioPlay":false,"sceneViewState":{"m_AlwaysRefresh":false,"showFog":false,"showSkybox":false,"showFlares":false,"showImageEffects":false,"showParticleSystems":false,"showVisualEffectGraphs":true,"m_FxEnabled":true},"in2DMode":false,"pivot":{"x":-0.11560440063476563,"y":1.7079594135284424,"z":-0.7245192527770996},"rotation":{"x":0.13377520442008973,"y":0.8522485494613648,"z":-0.26447004079818728,"w":0.43108800053596499},"size":2.3521852493286135,"orthographic":false}