{"cameraMode":{"drawMode":0,"name":"Shaded","section":"Shading Mode"},"sceneLighting":false,"audioPlay":false,"sceneViewState":{"m_AlwaysRefresh":false,"showFog":false,"showSkybox":false,"showFlares":false,"showImageEffects":false,"showParticleSystems":false,"showVisualEffectGraphs":true,"m_FxEnabled":true},"in2DMode":false,"pivot":{"x":-2.1676831245422365,"y":2.9652633666992189,"z":15.183455467224121},"rotation":{"x":0.031677521765232089,"y":-0.9626302123069763,"z":0.12927985191345216,"w":0.2358744889497757},"size":0.9124354720115662,"orthographic":false}