{"cameraMode":{"drawMode":0,"name":"Shaded","section":"Shading Mode"},"sceneLighting":false,"audioPlay":false,"sceneViewState":{"m_AlwaysRefresh":false,"showFog":true,"showSkybox":false,"showFlares":true,"showImageEffects":false,"showParticleSystems":true,"showVisualEffectGraphs":true,"m_FxEnabled":true},"in2DMode":false,"pivot":{"x":-0.22024178504943849,"y":-0.3233187198638916,"z":-0.035624027252197269},"rotation":{"x":-0.0829530656337738,"y":0.8936194777488709,"z":-0.18515871465206147,"w":-0.4003521502017975},"size":1.4694314002990723,"orthographic":false}